date_of_birth,phone,address,credit_card,email,name
1988-06-14,(+57) 320 432 05 09,92 Willow Dr.,6011448636021334,wombbus@gmail.com,wombbus
1986-12-07,(+57) 320 432 05 10,"Cranston, RI 02920",6011002884825420884,massivewomens@gmail.com,massivewomens
1963-08-25,(+57) 320 432 05 11,60 College Drive,5106455636433375,shockingspeaker@gmail.com,shockingspeaker
1988-04-15,(+57) 320 432 05 12,"Grand Forks, ND 58201",6555607744284804769,coamingtame@gmail.com,coamingtame
1962-04-26,(+57) 320 432 05 13,14 Cedarwood Rd.,2224062821788730,actresswell@gmail.com,actresswell
1984-12-18,(+57) 320 432 05 14,"La Crosse, WI 54601",4006400634465668,fatsosummer@gmail.com,fatsosummer
1969-03-27,(+57) 320 432 05 15,749 Glen Eagles Ave.,2286233480387313,enthralledprotect@gmail.com,enthralledprotect
2000-03-31,(+57) 320 432 05,"Oviedo, FL 32765",4628376457143,hushedprudence@gmail.com,hushedprudence
1989-12-21,(+57) 320 432 05 17,486 Newport St.,2225336615128371,crepeacademic@gmail.com,crepeacademic
1971-03-12,(+57) 320 432 05 18,"Southfield, MI 48076",4733440370767,panelcroutons@gmail.com,panelcroutons
1969-07-16,(+57) 320 432 05 19,810 E. Gonzales Dr.,6472806862352578,arrogantpad@gmail.com,arrogantpad
1970-09-11,(+57) 320 432 05 20,"Brockton, MA 02301",3572668447530688044,harrowshipwreck@gmail.com,harrowshipwreck
1997-04-08,(+57) 320 432 05 21,30 West Valley View Ave.,341778140727263,odenincrease@gmail.com,odenincrease
1997-03-19,(+57) 320 432 05 22,"Lynn, MA 01902",373128061146369,goringhurry@gmail.com,goringhurry
1997-01-06,(+57) 320 432 05 23,8446 Wagon Ave.,2720236215600870,berserkwhatever@gmail.com,berserkwhatever
1984-11-29,(+57) 320 432 05 24,"Glen Burnie, MD 21060",4485653664754,splatterspiritual@gmail.com,splatterspiritual
1992-11-22,(+57) 320 432 05 25,6 Hartford St.,3027732377371050,speedytry@gmail.com,speedytry
1987-07-18,(+57) 320 432 05 26,"Mesa, AZ 85203",5237824578608686,coveragecapacity@gmail.com,coveragecapacity
1986-03-20,(+57) 320 432 05 27,756 W. Bridle Ave.,2224442336553581,moreoveryellowish@gmail.com,moreoveryellowish
1979-05-12,(+57) 320 432 05 28,"Palm Bay, FL 32907",3033885202133632,executiveresentful@gmail.com,executiveresentful
1988-05-10,(+57) 320 432 05 29,407 Lantern St.,6493060744250086338,shadespumped@gmail.com,shadespumped
1991-02-04,(+57) 320 432 05 30,"Mechanicsville, VA 23111",213182536501116,pishmenacing@gmail.com,pishmenacing
1963-08-15,(+57) 320 432 05 31,8095 County Drive,30076861134801,persuadebird@gmail.com,persuadebird
1967-09-04,(+57) 320 432 05 32,"Abingdon, MD 21009",6554446202437457,tonightaltruistic@gmail.com,tonightaltruistic
1978-01-23,(+57) 320 432 05 33,56 SE. Aspen Street,376531114350333,marchself@gmail.com,marchself
1966-04-27,(+57) 320 432 05 34,"Graham, NC 27253",180054758485741,unequalmow@gmail.com,unequalmow
1968-01-02,(+57) 320 432 05 35,623 Nichols Road,340028668825144,butterflygrotesque@gmail.com,butterflygrotesque
1966-10-11,(+57) 320 432 05 36,"Chillicothe, OH 45601",3844014674236067,flagstaffaltruistic@gmail.com,flagstaffaltruistic
1989-11-08,(+57) 320 432 05 37,419 Woodsman Ave.,358836413214508,mainsailbutcher@gmail.com,mainsailbutcher
1975-04-07,(+57) 320 432 05 38,Apt 145,346257478843450,dismissvein@gmail.com,dismissvein
1976-03-15,(+57) 320 432 05 39,"Fort Walton Beach, FL 32547",30016817238165,architectpoultry@gmail.com,architectpoultry
1998-01-11,(+57) 320 432 05 40,571 Elm Drive,4665636220433386,motorwaylawyer@gmail.com,motorwaylawyer
1982-09-29,(+57) 320 432 05 41,"Sun Prairie, WI 53590",6011437103550130211,translatorimpressive@gmail.com,translatorimpressive
1998-12-30,(+57) 320 432 05 42,32 Lawrence Court,6011793233114184,audiabusive@gmail.com,audiabusive
1979-09-30,(+57) 320 432 05 43,"Fitchburg, MA 01420",6011952061152324464,nucleusacidic@gmail.com,nucleusacidic
1986-12-13,(+57) 320 432 05 44,83 Thomas Circle,2254277557707562,fraidunderwear@gmail.com,fraidunderwear
1976-08-18,(+57) 320 432 05 45,"Portage, IN 46368",3572667736188372781,squawkeducator@gmail.com,squawkeducator
1985-08-08,(+57) 320 432 05 46,6 Buckingham St.,6011416518611837,elandintroduce@gmail.com,elandintroduce
1982-03-07,(+57) 320 432 05 47,"Owensboro, KY 42301",213112437676501,lardassgaze@gmail.com,lardassgaze
1967-05-27,(+57) 320 432 05 48,2 Mayflower Court,3572663428415823430,linesportly@gmail.com,linesportly
1996-12-27,(+57) 320 432 05 49,"Lakewood, NJ 08701",38230748038683,cabindeliver@gmail.com,cabindeliver
1980-09-11,(+57) 320 432 05 50,269 Airport Dr.,6011795753845173552,flutteringlimes@gmail.com,flutteringlimes
1983-08-31,(+57) 320 432 05 51,"Grand Rapids, MI 49503",5421178520554415,philosophysparrow@gmail.com,philosophysparrow
1984-05-22,(+57) 320 432 05 52,800 Linden Street,213180401037737,passiverepeater@gmail.com,passiverepeater
1986-03-31,(+57) 320 432 05 53,"Romulus, MI 48174",213125724713605,venalclancy@gmail.com,venalclancy
1992-12-29,(+57) 320 432 05 54,69 Taylor Street,6488851415400583,punishlutchet@gmail.com,punishlutchet
1971-09-04,(+57) 320 432 05 55,"Sun City, AZ 85351",4228227545428176600,excusecringle@gmail.com,excusecringle
1976-10-27,(+57) 320 432 05 56,51 Wellington Street,3572667737057223600,crankylink@gmail.com,crankylink
1971-04-11,(+57) 320 432 05 57,"Campbell, CA 95008",4041110658667266,roastconstantly@gmail.com,roastconstantly
1978-12-14,(+57) 320 432 05 58,56 Pilgrim Dr.,36273442440633,abrupttunnel@gmail.com,abrupttunnel
1963-11-27,(+57) 320 432 05 59,"Tiffin, OH 44883",352856468562342,frequentslip@gmail.com,frequentslip
1970-10-12,(+57) 320 432 05 60,754 Lantern Avenue,2712858334463466,anotherdepression@gmail.com,anotherdepression
2000-03-15,(+57) 320 432 05 61,"Pittsburgh, PA 15206",2285118618386256,assumeexclusive@gmail.com,assumeexclusive
1971-11-25,(+57) 320 432 05 62,949 Golden Star Ave.,30206467246317,originallypoor@gmail.com,originallypoor
1979-01-24,(+57) 320 432 05 63,"Elizabeth, NJ 07202",371467038657120,godstinker@gmail.com,godstinker
1989-09-25,(+57) 320 432 05 64,42 E. Fremont Dr.,3535013656876365,chanelboorish@gmail.com,chanelboorish
1976-09-18,(+57) 320 432 05 65,"Omaha, NE 68107",6477446283803570074,pilewelltodo@gmail.com,pilewelltodo
1960-02-05,(+57) 320 432 05 66,474 Dogwood Dr.,2221477686617639,glamoroussmile@gmail.com,glamoroussmile
1965-12-26,(+57) 320 432 05 67,"Manchester, NH 03102",6011273204656133,slothfulmotivated@gmail.com,slothfulmotivated
1990-02-03,(+57) 320 432 05 68,9486 Delaware Court,375850178373358,legwarmersbelated@gmail.com,legwarmersbelated
1994-05-19,(+57) 320 432 05 69,"South Portland, ME 04106",2225324808707367,numptygecko@gmail.com,numptygecko
1969-08-05,(+57) 320 432 05 70,96 Shadow Brook Dr.,374785537884383,christiancaustic@gmail.com,christiancaustic
1975-02-08,(+57) 320 432 05 71,"Lorton, VA 22079",3008662132856629,finickynomination@gmail.com,finickynomination
1977-05-17,(+57) 320 432 05 72,59 Meadowbrook St.,372001045723721,dreamsudden@gmail.com,dreamsudden
1963-06-13,(+57) 320 432 05 73,"Fishers, IN 46037",340702185154556,fruitcakefrittata@gmail.com,fruitcakefrittata
1965-06-30,(+57) 320 432 05 74,7977 W. Delaware Ave.,180044235222122,acclaimedrelaxed@gmail.com,acclaimedrelaxed
1964-07-06,(+57) 320 432 05 75,"Lake In The Hills, IL 60156",352975316008546,mashsalary@gmail.com,mashsalary
1988-07-24,(+57) 320 432 05 76,7644 Aspen St.,2231187816425476,properfarm@gmail.com,properfarm
1960-08-01,(+57) 320 432 05 77,"Rockville, MD 20850",4051553270355,parchedscornful@gmail.com,parchedscornful
2000-04-29,(+57) 320 432 05 78,8180 Eagle Ave.,6011413346871709,carefullycampfire@gmail.com,carefullycampfire
1981-07-26,(+57) 320 432 05 79,"Yonkers, NY 10701",3572662223557866524,distractedparade@gmail.com,distractedparade
1964-11-17,(+57) 320 432 05 80,62 Jones Rd.,373807482726525,maternalbury@gmail.com,maternalbury
1971-04-04,(+57) 320 432 05 81,"Georgetown, SC 29440",376522457421849,passiondial@gmail.com,passiondial
1978-08-16,(+57) 320 432 05 82,913 Helen Ave.,378153651716848,contractline@gmail.com,contractline
1972-09-30,(+57) 320 432 05 83,"Hackettstown, NJ 07840",30481024888816,zombiesplendid@gmail.com,zombiesplendid
1997-11-05,(+57) 320 432 05 84,9953 East Halifax Street,3572665830546774077,itchyland@gmail.com,itchyland
1996-06-28,(+57) 320 432 05 85,"Gibsonia, PA 15044",3565886817408308,networkbulky@gmail.com,networkbulky
1985-06-23,(+57) 320 432 05 86,3 James Ave.,6011003032823716213,inspectraw@gmail.com,inspectraw
1979-07-28,(+57) 320 432 05 87,Apt 618,2226630863880678,jailcouncil@gmail.com,jailcouncil
1970-05-20,(+57) 320 432 05 88,"Phoenix, AZ 85021",3572668160852365527,extremecumin@gmail.com,extremecumin
1991-10-27,(+57) 320 432 05 89,8823 NE. Sleepy Hollow Ave.,4408038078560356,reverserecap@gmail.com,reverserecap
1967-01-02,(+57) 320 432 05 90,"Oakland, CA 94603",180053268235331,cordagexray@gmail.com,cordagexray
1988-02-03,(+57) 320 432 05 91,976 Strawberry Ave.,2297684052256137,baboonresentful@gmail.com,baboonresentful
1975-02-19,(+57) 320 432 05 92,"Portsmouth, VA 23703",213141225648208,almosthim@gmail.com,almosthim
1995-04-25,(+57) 320 432 05 93,3 Sutor Lane,30524424654302,completelyprudence@gmail.com,completelyprudence
1969-02-22,(+57) 320 432 05 94,"Hartford, CT 06106",340883578432377,rowlockwrap@gmail.com,rowlockwrap
1978-01-07,(+57) 320 432 05 95,941 Old Rocky River Lane,4268861621242106367,sunglassesbedclothes@gmail.com,sunglassesbedclothes
1985-03-14,(+57) 320 432 05 96,"Amarillo, TX 79106",4387534410268,knobbycommission@gmail.com,knobbycommission
1967-06-14,(+57) 320 432 05 97,34 Clinton Drive,213154668268285,cranequirky@gmail.com,cranequirky
1969-07-21,(+57) 320 432 05 98,"Mount Holly, NJ 08060",6011880421514109,disruptivecustoms@gmail.com,disruptivecustoms
1984-09-22,(+57) 320 432 05 99,277 Gartner Street,3572666674812707018,reservedbawl@gmail.com,reservedbawl
1982-10-12,(+57) 320 432 33 10,"Hastings, MN 55033",30565180268852,catfisheditor@gmail.com,catfisheditor
1979-11-22,(+57) 320 432 33 11,9104 Beacon St.,6011748002682209,genetool@gmail.com,genetool
1979-04-26,(+57) 320 432 33 12,"Rocklin, CA 95677",2288881007465455,phalangeschildren@gmail.com,phalangeschildren
1985-08-27,(+57) 320 432 33 13,7231 Jones Street,2720027225254554,splitphrase@gmail.com,splitphrase
1968-01-31,(+57) 320 432 33 14,"Mount Pleasant, SC 29464",6011427236047670654,coalorepen@gmail.com,coalorepen
1983-11-09,(+57) 320 432 33 15,25 Rosewood St.,3572666000348336249,useformal@gmail.com,useformal
1962-08-21,(+57) 320 432 33 16,"West Deptford, NJ 08096",2231137333763479,olympicsvault@gmail.com,olympicsvault
1978-10-31,(+57) 320 432 33 17,837 Newbridge Lane,30456034346237,locationaxel@gmail.com,locationaxel
1982-05-29,(+57) 320 432 33 18,"Dedham, MA 02026",4301565851225722,repentantcuckoo@gmail.com,repentantcuckoo
1978-05-21,(+57) 320 432 33 19,46 Theatre St.,377438754825054,dripmyself@gmail.com,dripmyself
1982-11-04,(+57) 320 432 33 20,"Asbury Park, NJ 07712",30361667500607,orangesnest@gmail.com,orangesnest
1996-12-12,(+57) 320 432 33 21,20 Queen St.,3572663347215154111,wayatom@gmail.com,wayatom
1963-10-08,(+57) 320 432 33 22,"North Miami Beach, FL 33160",4851237276424447,techniquebale@gmail.com,techniquebale
1988-12-14,(+57) 320 432 33 23,22 Carriage St.,2243108084705239,proteinmotionless@gmail.com,proteinmotionless
2000-01-14,(+57) 320 432 33 24,"Sarasota, FL 34231",38671062172410,skipnatural@gmail.com,skipnatural
1966-08-14,(+57) 320 432 33 25,149 Valley Farms Ave.,2244111821472773,carefixed@gmail.com,carefixed
1975-03-18,(+57) 320 432 33 26,"Palatine, IL 60067",2224371111510153,tracestudious@gmail.com,tracestudious
1984-05-11,(+57) 320 432 33 27,170 University St.,180036632456386,brailssavor@gmail.com,brailssavor
1972-03-18,(+57) 320 432 33 28,"Dublin, GA 31021",30201345051815,crisispet@gmail.com,crisispet
1960-10-12,(+57) 320 432 33 29,7777 Columbia Drive,6490373628227455387,breakdownwomens@gmail.com,breakdownwomens
1960-12-28,(+57) 320 432 33 30,"Greenwood, SC 29646",4310685520885877,tendencyforthright@gmail.com,tendencyforthright
1961-10-01,(+57) 320 432 33 31,81 Garden St.,374063528022789,poopexcluded@gmail.com,poopexcluded
1977-12-04,(+57) 320 432 33 32,"Gloucester, MA 01930",30110235238525,glamorouspeel@gmail.com,glamorouspeel
1974-03-20,(+57) 320 432 33 33,994 Mountainview Ave.,343306471548583,swordmall@gmail.com,swordmall
2000-07-03,(+57) 320 432 33 34,"Deland, FL 32720",180064738583119,terrorismgodly@gmail.com,terrorismgodly
1987-09-03,(+57) 320 432 33 35,7650 Glenholme Street,2260453642006128,economistquota@gmail.com,economistquota
1961-01-09,(+57) 320 432 33 36,"Enterprise, AL 36330",2225438360248881,weirdoswing@gmail.com,weirdoswing
1997-08-18,(+57) 320 432 33 37,8 Tanglewood Dr.,38038521754461,kindlystonemason@gmail.com,kindlystonemason
1971-10-28,(+57) 320 432 33 38,"Levittown, NY 11756",6460161568746234047,shadeoregano@gmail.com,shadeoregano
1998-11-08,(+57) 320 432 33 39,42 Tailwater Drive,38213201583312,vixenmeet@gmail.com,vixenmeet
1966-10-22,(+57) 320 432 33 40,"Gwynn Oak, MD 21207",4760832331450278,attractivestarboard@gmail.com,attractivestarboard
1967-04-02,(+57) 320 432 33 41,8 Windfall Street,4357130235672207706,tragicfair@gmail.com,tragicfair
1970-04-24,(+57) 320 432 33 42,"Tuckerton, NJ 08087",6011882427785858068,armpitpears@gmail.com,armpitpears
2000-11-07,(+57) 320 432 33 43,8340 S. Longfellow Court,341187751523302,decideguest@gmail.com,decideguest
1989-11-17,(+57) 320 432 33 44,"Muncie, IN 47302",4067481876311832,pleasingdugout@gmail.com,pleasingdugout
1988-02-20,(+57) 320 432 33 45,81 Bohemia Ave.,30223031637137,unrulyexpert@gmail.com,unrulyexpert
1963-02-04,(+57) 320 432 33 46,"Lenoir, NC 28645",4868454454436,scrubsbellowing@gmail.com,scrubsbellowing
1961-03-19,(+57) 320 432 33 47,44 Golf Ave.,6011018703664371,achingrecord@gmail.com,achingrecord
1999-05-02,(+57) 320 432 33 48,"Ashland, OH 44805",4043555250824,butlertop@gmail.com,butlertop
1976-04-06,(+57) 320 432 33 49,7338 Applegate Drive,2225526101624772,treacletimberhead@gmail.com,treacletimberhead
1976-04-06,(+57) 320 432 33 49,7338 Applegate Drive,2225526101624772,treacletimberhead@gmail.com,treacletimberhead
1998-10-16,(+57) 320 432 33 50,"Fuquay Varina, NC 27526",4370237520708,advancedsquealing@gmail.com,advancedsquealing
1998-10-16,(+57) 320 432 33 50,"Fuquay Varina, NC 27526",4370237520708,advancedsquealing@gmail.com,advancedsquealing
1968-20-20,(+57) 32 432 33 51,7388 SW. Elizabeth Drive,461050001202338,Culturalchamberarrobagmailcom,culturalchamber
1978-08-13,(+57) 320 432 33 52,"Appleton, WI 54911",213116234172200,currysmile@gmail.com,currysmile
1972-09-11,(+57) 320 432 33 53,682 Bay Ave.,355403015031401,grantcollege@gmail.com,grantcollege
1961-03-31,(+57) 320 432 33 54,"Dearborn Heights, MI 48127",213174367041809,trampolinebasketball@gmail.com,trampolinebasketball
1962-04-30,(+57) 320 432 33 55,93 Creek Street,370801730500678,tepiddistance@gmail.com,tepiddistance
1972-09-22,(+57) 320 432 33 56,"Honolulu, HI 96815",30316101340739,chilisemployment@gmail.com,chilisemployment
1975-09-21,(+57) 320 432 33 57,9923 Ketch Harbour St.,4163003724321350,cinnabarinformal@gmail.com,cinnabarinformal
1966-12-27,(+57) 320 432 33 58,"West Springfield, MA 01089",372365567753220,halibuthandful@gmail.com,halibuthandful
1987-02-24,(+57) 320 432 33 59,82 W. Sunset Drive,180072334327518,scrapecrossbow@gmail.com,scrapecrossbow
1992-03-06,(+57) 320 432 33 60,"Easley, SC 29640",2448044736375837,celebratedpolo@gmail.com,celebratedpolo
1996-05-28,(+57) 320 432 33 61,9212 S. Henry Road,4223372886754660252,beyondcrawl@gmail.com,beyondcrawl
1989-06-03,(+57) 320 432 33 62,"San Antonio, TX 78213",4037205242470,arousedready@gmail.com,arousedready
1970-07-05,(+57) 320 432 33 63,87 Beacon St.,377653682254215,spyrebel@gmail.com,spyrebel
1999-03-05,(+57) 320 432 33 64,"Hagerstown, MD 21740",6011400324384701505,parkingutility@gmail.com,parkingutility
2000-02-11,(+57) 320 432 33 65,134C San Carlos St.,3572666135607411042,nodulewrinkles@gmail.com,nodulewrinkles
1968-06-11,(+57) 320 432 33 66,"Attleboro, MA 02703",6011880427474308,straightrafting@gmail.com,straightrafting
1979-06-18,(+57) 320 432 33 67,9133 North Liberty Street,4471241086342673040,coarseliquid@gmail.com,coarseliquid
1997-09-02,(+57) 320 432 33 68,"Langhorne, PA 19047",348013820003188,skillupset@gmail.com,skillupset
1974-10-06,(+57) 320 432 33 69,8622 Pineknoll St.,4768517884704,xrayseamstress@gmail.com,xrayseamstress
1986-07-28,(+57) 320 432 33 70,"Clifton Park, NY 12065",4844652373025,brilliantcanon@gmail.com,brilliantcanon
1984-02-20,(+57) 320 432 33 71,7417 Sherman Ave.,2246472607760130,medalagent@gmail.com,medalagent
1978-04-14,(+57) 320 432 33 72,"Plainfield, NJ 07060",30461357764073,fatigueslogger@gmail.com,fatigueslogger
1977-01-25,(+57) 320 432 33 73,7275 Oak Valley Ave.,4663302416257511042,wrestlingworshipper@gmail.com,wrestlingworshipper
1961-04-20,(+57) 320 432 33 74,"Aberdeen, SD 57401",346404427387623,symptomstonemason@gmail.com,symptomstonemason
1995-04-16,(+57) 320 432 33 75,9717 Gulf Street,5355645781214038,guardsmansoldier@gmail.com,guardsmansoldier
1972-10-31,(+57) 320 432 33 76,"New Milford, CT 06776",371406561585217,peppersstriker@gmail.com,peppersstriker
1981-12-03,(+57) 320 432 33 77,9 Argyle Ave.,38233343174333,pigstepsinger@gmail.com,pigstepsinger
1984-07-19,(+57) 320 432 33 78,"Englewood, NJ 07631",3572662862013121139,languidgeologist@gmail.com,languidgeologist
1997-05-22,(+57) 320 432 33 79,987 Alderwood Avenue,30343433342837,ledplasterer@gmail.com,ledplasterer
1992-06-15,(+57) 320 432 33 80,"Irmo, SC 29063",2262512751521629,componentmortician@gmail.com,componentmortician
1994-05-03,(+57) 320 432 33 81,165 Pacific Street,4714728833023,clanbaron@gmail.com,clanbaron
1981-02-18,(+57) 320 432 33 82,"Elizabethtown, PA 17022",372606241016751,lukewarmwriter@gmail.com,lukewarmwriter
1975-03-04,(+57) 320 432 33 83,535 Maple St.,30254345344425,huskytrainer@gmail.com,huskytrainer
1994-06-12,(+57) 320 432 33 84,"Chelsea, MA 02150",213168454322759,dominatepedlar@gmail.com,dominatepedlar
1984-06-05,(+57) 320 432 33 85,615 Heather Road,3047407564710618440,badelyngestudent@gmail.com,badelyngestudent
1961-08-27,(+57) 320 432 33 86,"Waterloo, IA 50701",2720348125807444,bicycledoctor@gmail.com,bicycledoctor
1970-03-26,(+57) 320 432 33 87,7344 Smith Store Court,30133342861856,noticeroofer@gmail.com,noticeroofer
1966-07-03,(+57) 320 432 33 88,"Smyrna, GA 30080",30326124827349,workerpiper@gmail.com,workerpiper
1975-07-19,(+57) 320 432 33 89,4 Lancaster Street,4150068503035,enigmatictechnician@gmail.com,enigmatictechnician
1963-11-01,(+57) 320 432 33 90,"Evansville, IN 47711",38013205467110,scrubsdeveloper@gmail.com,scrubsdeveloper
1998-03-19,(+57) 320 432 33 91,760 Grand Lane,30322767111331,intrepidarchivist@gmail.com,intrepidarchivist
1964-11-30,(+57) 320 432 33 92,"Jenison, MI 49428",4673185768062742407,wasemployee@gmail.com,wasemployee
1999-12-29,(+57) 320 432 33 93,7798 Creek Lane,3572660856761533810,jodhpurshermit@gmail.com,jodhpurshermit
1962-01-09,(+57) 320 432 33 94,"Zionsville, IN 46077",2225417375525103,pochardeditor@gmail.com,pochardeditor
1973-09-16,(+57) 320 432 33 95,808 John Street,30404630131629,whisperingappraiser@gmail.com,whisperingappraiser
1971-07-25,(+57) 320 432 33 96,"Spring Hill, FL 34608",2222848456385632,echopoliceman@gmail.com,echopoliceman
1971-11-08,(+57) 320 432 33 97,143 West Roehampton Street,4488275046236,bightengineer@gmail.com,bightengineer
1993-11-20,(+57) 320 432 33 98,"Fenton, MI 48430",38320508344346,leeboardauthor@gmail.com,leeboardauthor
1993-07-11,(+57) 320 432 33 99,896 Purple Finch Ave.,2222363040851669,rowtailor@gmail.com,rowtailor
1985-06-27,(+57) 320 532 33 01,"Quakertown, PA 18951",3572666117861041657,mostcandidate@gmail.com,mostcandidate
1987-01-29,(+57) 320 532 33 02,6 Woodland Drive,6011891344223215,femurbishop@gmail.com,femurbishop
1982-01-01,(+57) 320 532 33 03,"Wooster, OH 44691",356704853744370,zombiemasons@gmail.com,zombiemasons
1982-06-21,(+57) 320 532 33 04,7446 Smith Store Court,2328568434470057,throwingsailor@gmail.com,throwingsailor
1978-08-10,(+57) 320 532 33 05,"Hyattsville, MD 20782",3022142703402416647,bandtaverner@gmail.com,bandtaverner
1977-10-07,(+57) 320 532 33 06,2 SE. Bow Ridge Rd.,30275844060568,growntranslator@gmail.com,growntranslator
1996-01-19,(+57) 320 532 33 07,"Milton, MA 02186",4674801812635,ruinsurgeon@gmail.com,ruinsurgeon
1969-05-08,(+57) 320 532 33 08,9273 Meadowbrook Street,6494758558438878,wallowdean@gmail.com,wallowdean
1995-07-28,(+57) 320 532 33 09,"Bismarck, ND 58501",377021855857851,skeinglazier@gmail.com,skeinglazier
1960-07-06,(+57) 320 532 33 10,8207 West Rockville St.,2224776705352384,advocatenun@gmail.com,advocatenun
1998-08-19,(+57) 320 532 33 11,"Morgantown, WV 26508",6011401645765387327,yumclerk@gmail.com,yumclerk
1971-03-23,(+57) 320 532 33 12,7110 E. Brickell Ave.,30557324018459,tatteredactuary@gmail.com,tatteredactuary
1969-09-24,(+57) 320 532 33 13,"Altamonte Springs, FL 32714",3857776258162422071,roemagistrate@gmail.com,roemagistrate
1974-06-21,(+57) 320 532 33 14,423 Deerfield Dr.,4480842426082,coatifabricator@gmail.com,coatifabricator
1992-03-02,(+57) 320 532 33 15,"Oak Lawn, IL 60453",213121115857846,gabardinedispatcher@gmail.com,gabardinedispatcher
1999-02-25,(+57) 320 532 33 16,7312 Magnolia Ave.,356837014177484,roughbanker@gmail.com,roughbanker
1987-11-07,(+57) 320 532 33 17,"Eastpointe, MI 48021",6464174863644318084,hasgirlguide@gmail.com,hasgirlguide
1963-12-11,(+57) 320 532 33 18,8283 Bridge Lane,180016616607121,listencounselor@gmail.com,listencounselor
1960-08-18,(+57) 320 532 33 19,"Bronx, NY 10451",4288525330285,flinkcuratorarrobagmail,flinkcurator